{"stats":{"minecraft:killed":{"minecraft:pig":1,"minecraft:salmon":3,"minecraft:sheep":3,"minecraft:zombie":1,"minecraft:chicken":1,"minecraft:cow":2},"minecraft:used":{"minecraft:cherry_sapling":15,"minecraft:tropical_fish":2,"minecraft:salmon":9,"minecraft:torch":1,"minecraft:dirt":1,"minecraft:mutton":6,"minecraft:crafting_table":1,"minecraft:white_bed":1,"minecraft:cod":4,"alexsmobs:maggot":1,"minecraft:chicken":1,"minecraft:iron_pickaxe":119,"minecraft:suspicious_stew":1,"minecraft:stone_axe":8,"minecraft:pink_petals":17,"minecraft:beef":3,"minecraft:porkchop":1,"minecraft:coarse_dirt":2},"minecraft:killed_by":{"minecraft:skeleton":1,"minecraft:zombie":1},"minecraft:custom":{"minecraft:mob_kills":11,"minecraft:interact_with_crafting_table":2,"minecraft:open_barrel":11,"minecraft:sleep_in_bed":1,"minecraft:leave_game":15,"minecraft:time_since_death":33211,"minecraft:climb_one_cm":628,"minecraft:time_since_rest":203,"minecraft:sprint_one_cm":250801,"minecraft:damage_taken":720,"minecraft:walk_one_cm":164961,"minecraft:drop":13,"minecraft:damage_dealt":883,"minecraft:damage_dealt_absorbed":82,"minecraft:swim_one_cm":13237,"minecraft:fly_one_cm":59308,"minecraft:open_chest":1,"minecraft:crouch_one_cm":2,"minecraft:play_time":86668,"minecraft:deaths":2,"minecraft:sneak_time":123,"minecraft:walk_under_water_one_cm":14850,"minecraft:jump":560,"minecraft:walk_on_water_one_cm":25648,"minecraft:total_world_time":86668,"minecraft:fall_one_cm":5554},"minecraft:dropped":{"minecraft:wheat_seeds":2,"minecraft:bowl":1,"minecraft:cobblestone":3,"minecraft:rotten_flesh":5,"minecraft:salmon":1,"minecraft:poppy":1,"minecraft:dirt":10,"minecraft:torch":3,"gravestone:obituary":5},"minecraft:crafted":{"minecraft:oak_planks":24,"minecraft:crafting_table":1,"minecraft:stone_axe":1,"minecraft:stone_pickaxe":1,"minecraft:white_bed":1,"minecraft:torch":8},"minecraft:mined":{"minecraft:cherry_log":1,"gravestone:gravestone":2,"minecraft:poppy":1,"mekanism:tin_ore":3,"minecraft:copper_ore":7,"minecraft:mangrove_fence_gate":1,"minecraft:wall_torch":1,"minecraft:seagrass":1,"minecraft:tall_seagrass":2,"minecraft:coarse_dirt":2,"minecraft:pumpkin":8,"minecraft:grass":214,"minecraft:coal_ore":5,"minecraft:stone":34},"minecraft:picked_up":{"minecraft:coarse_dirt":4,"minecraft:feather":2,"minecraft:chicken":1,"minecraft:salmon":4,"minecraft:leather":2,"minecraft:enchanted_book":1,"minecraft:oak_log":6,"gravestone:obituary":3,"minecraft:dirt":11,"minecraft:paper":9,"minecraft:raw_copper":26,"minecraft:bone":3,"minecraft:wheat_seeds":22,"minecraft:candle":1,"minecraft:beef":3,"minecraft:cobweb":4,"dynamictrees:oak_seed":22,"minecraft:poppy":1,"minecraft:mangrove_fence_gate":1,"minecraft:egg":6,"minecraft:stick":32,"minecraft:pumpkin":8,"minecraft:torch":4,"minecraft:bowl":1,"minecraft:porkchop":1,"minecraft:cherry_log":1,"mekanism:raw_tin":3,"minecraft:arrow":2,"minecraft:rotten_flesh":5,"waystones:waystone":1,"alexsmobs:maggot":1,"minecraft:mutton":6,"minecraft:coal":22,"minecraft:white_wool":3,"minecraft:cobblestone":35}},"DataVersion":3465}