{"stats":{"minecraft:used":{"minecraft:stone_sword":32,"minecraft:stone_pickaxe":131,"minecraft:wooden_pickaxe":59,"minecraft:cooked_chicken":3,"minecraft:torch":54,"minecraft:dirt":15,"minecraft:sand":1,"bettercopper:copper_pickaxe":200,"minecraft:crafting_table":4,"bettercopper:copper_sword":20,"minecraft:wooden_sword":56,"minecraft:furnace":3,"minecraft:porkchop":2,"minecraft:egg":4},"minecraft:broken":{"minecraft:stone_pickaxe":1,"bettercopper:copper_pickaxe":1,"minecraft:wooden_pickaxe":1},"minecraft:crafted":{"minecraft:wooden_sword":1,"minecraft:oak_planks":40,"minecraft:cooked_porkchop":8,"minecraft:crafting_table":3,"bettercopper:copper_leggings":1,"minecraft:wooden_pickaxe":1,"minecraft:cooked_chicken":3,"minecraft:furnace":3,"minecraft:copper_ingot":37,"bettercopper:copper_helmet":1,"minecraft:air":0,"bettercopper:copper_chestplate":2,"bettercopper:copper_sword":1,"minecraft:stick":24,"minecraft:stone_pickaxe":1,"bettercopper:copper_pickaxe":1,"minecraft:stone_sword":1,"bettercopper:copper_boots":1,"minecraft:torch":88},"minecraft:dropped":{"minecraft:stone_sword":1,"bettercopper:copper_pickaxe":1,"minecraft:stick":4,"gravestone:obituary":2},"minecraft:custom":{"minecraft:interact_with_furnace":52,"minecraft:mob_kills":16,"minecraft:interact_with_crafting_table":14,"minecraft:leave_game":9,"minecraft:time_since_death":38120,"minecraft:time_since_rest":38152,"minecraft:sprint_one_cm":155195,"minecraft:damage_taken":691,"minecraft:walk_one_cm":159438,"minecraft:drop":8,"minecraft:damage_dealt":2156,"minecraft:swim_one_cm":5997,"minecraft:fly_one_cm":77419,"minecraft:play_time":54728,"minecraft:deaths":2,"minecraft:walk_under_water_one_cm":9229,"minecraft:jump":684,"minecraft:walk_on_water_one_cm":22590,"minecraft:total_world_time":54728,"minecraft:fall_one_cm":15884},"minecraft:picked_up":{"minecraft:crafting_table":1,"minecraft:feather":5,"minecraft:chicken":3,"mekanism:raw_uranium":1,"minecraft:tuff":21,"minecraft:oak_log":10,"minecraft:lapis_lazuli":29,"minecraft:dirt":39,"minecraft:raw_copper":163,"minecraft:bone":5,"minecraft:wheat_seeds":1,"minecraft:cobbled_deepslate":25,"minecraft:raw_gold":3,"dynamictrees:oak_seed":6,"minecraft:egg":4,"minecraft:stick":11,"minecraft:raw_iron":14,"minecraft:porkchop":10,"minecraft:sand":12,"minecraft:redstone":41,"mekanism:raw_osmium":15,"mekanism:raw_tin":28,"minecraft:stone_sword":1,"minecraft:arrow":3,"minecraft:rotten_flesh":2,"bettercopper:copper_pickaxe":1,"minecraft:coal":79,"minecraft:cobblestone":127},"minecraft:mined":{"minecraft:deepslate_redstone_ore":9,"minecraft:tuff":21,"mekanism:osmium_ore":11,"mekanism:deepslate_osmium_ore":4,"minecraft:crafting_table":1,"minecraft:glow_lichen":1,"gravestone:gravestone":2,"minecraft:grass_block":5,"mekanism:tin_ore":28,"minecraft:copper_ore":39,"minecraft:lapis_ore":1,"minecraft:deepslate_gold_ore":3,"minecraft:deepslate_copper_ore":5,"minecraft:iron_ore":7,"minecraft:birch_leaves":3,"minecraft:deepslate_lapis_ore":3,"minecraft:grass":8,"minecraft:oak_log":5,"minecraft:coal_ore":79,"minecraft:deepslate_iron_ore":7,"minecraft:gravel":1,"minecraft:sand":1,"minecraft:dirt":18,"mekanism:deepslate_uranium_ore":1,"minecraft:stone":127,"minecraft:oak_leaves":13,"minecraft:deepslate":28},"minecraft:killed":{"minecraft:pig":6,"minecraft:skeleton":4,"minecraft:zombie":2,"minecraft:chicken":3},"minecraft:killed_by":{"minecraft:skeleton":1,"minecraft:creeper":1}},"DataVersion":3465}